Retail Price,Ending Number
49.99,9
26.84,4
26.84,4
26.84,4
26.84,4
26.84,4
26.84,4
26.84,4
26.84,4
26.84,4
26.84,4
26.84,4
26.84,4
26.84,4
26.84,4
26.84,4
26.84,4
26.84,4
26.84,4
23.86,6
23.86,6
23.86,6
23.86,6
23.86,6
23.86,6
23.86,6
23.86,6
23.86,6
23.86,6
23.86,6
23.86,6
23.86,6
23.86,6
23.86,6
23.86,6
23.86,6
23.86,6
23.86,6
23.86,6
23.86,6
23.86,6
23.86,6
23.86,6
23.86,6
23.86,6
23.86,6
23.86,6
23.86,6
23.86,6
23.86,6
23.86,6
23.86,6
23.86,6
23.86,6
23.86,6
23.86,6
23.86,6
23.86,6
23.86,6
23.86,6
23.86,6
23.86,6
23.84,4
23.84,4
23.84,4
23.84,4
23.84,4
23.84,4
23.84,4
23.84,4
23.84,4
23.84,4
23.84,4
23.84,4
23.84,4
23.84,4
23.84,4
23.84,4
23.84,4
23.84,4
23.84,4
23.84,4
23.84,4
23.84,4
23.84,4
23.84,4
23.84,4
23.84,4
23.84,4
23.84,4
23.84,4
23.84,4
23.84,4
23.84,4
23.84,4
23.84,4
23.84,4
23.84,4
23.84,4
23.84,4
23.84,4
23.84,4
23.84,4
23.84,4
23.84,4
23.84,4
23.84,4
23.84,4
23.84,4
23.84,4
23.84,4
23.84,4
23.84,4
23.34,4
23.34,4
23.34,4
23.34,4
23.34,4
23.34,4
23.34,4
23.34,4
23.34,4
23.34,4
23.34,4
23.34,4
23.34,4
23.34,4
23.34,4
23.34,4
23.34,4
23.34,4
23.34,4
23.34,4
23.34,4
23.34,4
23.34,4
23.34,4
23.34,4
23.34,4
23.34,4
23.34,4
23.34,4
23.34,4
23.34,4
23.34,4
23.34,4
23.34,4
23.34,4
23.34,4
23.34,4
23.34,4
23.34,4
23.34,4
23.34,4
23.34,4
23.34,4
23.34,4
23.34,4
23.34,4
23.34,4
23.34,4
23.34,4
23.34,4
23.34,4
23.34,4
23.34,4
23.34,4
23.34,4
23.34,4
23.34,4
23.34,4
23.34,4
23.34,4
23.34,4
23.34,4
23.34,4
23.34,4
23.34,4
23.34,4
23.34,4
23.34,4
23.34,4
23.34,4
23.34,4
23.34,4
22.34,4
22.34,4
22.34,4
22.34,4
22.34,4
22.34,4
22.34,4
22.34,4
22.34,4
22.34,4
22.34,4
22.34,4
22.34,4
22.34,4
22.34,4
22.34,4
22.34,4
20.5,5
20.36,6
20.36,6
20.36,6
20.36,6
20.36,6
20.36,6
20.36,6
20.36,6
20.36,6
20.36,6
20.36,6
20.36,6
20.36,6
20.36,6
20.36,6
20.36,6
19.99,6
19.36,6
19.36,6
19.36,6
19.36,6
19.36,6
19.36,6
19.36,6
19.36,6
19.36,6
19.36,6
19.36,6
19.36,6
19.36,6
19.36,6
19.36,6
19.36,6
19.36,6
19.36,6
19.36,6
19.36,6
19.36,6
19.36,6
19.36,6
19.36,6
19.36,6
19.36,6
19.36,6
19.36,6
18.36,6
18.36,6
18.36,6
18.36,6
18.36,6
18.36,6
18.36,6
18.36,6
18.36,6
18.36,6
17.99,9
17.48,8
17.48,8
17.48,8
17.48,8
17.48,8
17.48,8
17.48,8
17.48,8
17.48,8
17.48,8
17.48,8
15.99,9
13.56,6
13.56,6
13.56,6
13.56,6
11.99,9
10.99,9
9.99,9
9.99,9
9.99,9
9.99,9
9.99,9
9.17,7
8.99,9
8.99,9
8.99,9
8.99,9
8.99,9
7.99,9
7.99,9
7.99,9
7.99,9
7.99,9
7.99,9
7.99,9
7.99,9
7.99,9
7.99,9
7.99,9
7.99,9
7.99,9
7.99,9
7.99,9
7.99,9
7.99,9
7.99,9
7.95,5
7.9,9
7.9,9
7.58,9
7.39,9
7.29,9
7.29,9
7.29,9
6.99,9
6.99,9
6.99,9
6.99,9
6.99,9
6.99,9
6.99,9
6.99,9
6.99,9
6.99,9
6.99,9
6.99,9
6.99,9
6.99,9
6.99,9
6.99,9
6.99,9
6.99,9
6.99,9
6.99,9
6.99,9
6.99,9
6.99,9
6.99,9
6.99,9
6.98,8
6.98,8
6.79,9
6.78,8
6.78,8
6.78,8
6.78,8
6.78,8
6.78,8
6.78,8
6.78,8
6.78,8
6.78,8
6.78,8
6.78,8
6.69,9
6.59,9
6.59,9
6.59,9
6.59,9
6.59,9
6.59,9
6.49,9
6.49,9
6.39,9
6.39,9
6.38,8
6.29,9
6.18,8
5.99,9
5.99,9
5.99,9
5.99,9
5.99,9
5.99,9
5.99,9
5.99,9
5.99,9
5.99,9
5.99,9
5.99,9
5.99,9
5.99,9
5.99,9
5.99,9
5.99,9
5.99,9
5.99,9
5.99,9
5.99,9
5.99,9
5.99,9
5.99,9
5.99,9
5.99,9
5.89,9
5.89,9
5.89,9
5.69,9
5.69,9
5.59,9
5.59,9
5.59,9
5.59,9
5.49,9
5.49,9
5.49,9
5.49,9
5.49,9
5.39,9
5.29,9
5.29,9
5.19,9
5.19,9
5.19,9
5.19,9
4.99,9
4.99,9
4.99,9
4.99,9
4.99,9
4.99,9
4.99,9
4.99,9
4.99,9
4.99,9
4.99,9
4.99,9
4.99,9
4.99,9
4.99,9
4.99,9
4.99,9
4.99,9
4.99,9
4.99,9
4.99,9
4.99,9
4.99,9
4.99,9
4.99,9
4.99,9
4.99,9
4.99,9
4.99,9
4.99,9
4.99,9
4.99,9
4.99,9
4.99,9
4.99,9
4.99,9
4.99,9
4.99,9
4.99,9
4.99,9
4.99,9
4.89,9
4.89,9
4.89,9
4.89,9
4.89,9
4.89,9
4.79,9
4.79,9
4.79,9
4.69,9
4.69,9
4.69,9
4.69,9
4.69,9
4.59,9
4.59,9
4.49,9
4.49,9
4.49,9
4.49,9
4.39,9
4.39,9
4.39,9
4.39,9
4.39,9
4.39,9
4.39,9
4.39,9
4.39,9
4.39,9
4.29,9
4.29,9
4.29,9
4.29,9
4.29,9
4.29,9
4.29,9
4.29,9
4.19,9
4.19,9
4.19,9
4.19,9
4.19,9
4.19,9
3.99,9
3.99,9
3.99,9
3.99,9
3.99,9
3.99,9
3.99,9
3.99,9
3.99,9
3.99,9
3.99,9
3.99,9
3.99,9
3.99,9
3.99,9
3.99,9
3.99,9
3.99,9
3.99,9
3.99,9
3.99,9
3.99,9
3.99,9
3.99,9
3.99,9
3.99,9
3.99,9
3.99,9
3.99,9
3.99,9
3.99,9
3.99,9
3.99,9
3.99,9
3.99,9
3.99,9
3.99,9
3.99,9
3.99,9
3.99,9
3.99,9
3.99,9
3.99,9
3.99,9
3.99,9
3.99,9
3.99,9
3.99,9
3.99,9
3.99,9
3.89,9
3.89,9
3.89,9
3.89,9
3.89,9
3.89,9
3.79,9
3.79,9
3.79,9
3.79,9
3.79,9
3.79,9
3.79,9
3.79,9
3.79,9
3.79,9
3.79,9
3.79,9
3.79,9
3.79,9
3.79,9
3.79,9
3.79,9
3.79,9
3.79,9
3.79,9
3.79,9
3.79,9
3.79,9
3.79,9
3.79,9
3.79,9
3.79,9
3.79,9
3.79,9
3.79,9
3.79,9
3.69,9
3.69,9
3.69,9
3.69,9
3.69,9
3.69,9
3.69,9
3.69,9
3.69,9
3.69,9
3.69,9
3.69,9
3.69,9
3.69,9
3.69,9
3.69,9
3.69,9
3.69,9
3.69,9
3.69,9
3.69,9
3.69,9
3.69,9
3.69,9
3.69,9
3.69,9
3.69,9
3.69,9
3.69,9
3.69,9
3.69,9
3.69,9
3.69,9
3.69,9
3.69,9
3.69,9
3.69,9
3.69,9
3.69,9
3.59,9
3.59,9
3.59,9
3.59,9
3.59,9
3.59,9
3.59,9
3.59,9
3.59,9
3.59,9
3.59,9
3.59,9
3.59,9
3.59,9
3.49,9
3.49,9
3.49,9
3.49,9
3.49,9
3.49,9
3.49,9
3.49,9
3.49,9
3.49,9
3.49,9
3.49,9
3.49,9
3.49,9
3.49,9
3.49,9
3.49,9
3.49,9
3.49,9
3.49,9
3.49,9
3.49,9
3.49,9
3.49,9
3.49,9
3.49,9
3.49,9
3.49,9
3.49,9
3.49,9
3.49,9
3.49,9
3.49,9
3.49,9
3.49,9
3.49,9
3.49,9
3.49,9
3.49,9
3.49,9
3.49,9
3.49,9
3.49,9
3.49,9
3.49,9
3.49,9
3.49,9
3.49,9
3.49,9
3.49,9
3.49,9
3.49,9
3.49,9
3.49,9
3.49,9
3.49,9
3.49,9
3.49,9
3.49,9
3.49,9
3.49,9
3.39,9
3.39,9
3.39,9
3.39,9
3.39,9
3.39,9
3.39,9
3.39,9
3.39,9
3.39,9
3.39,9
3.39,9
3.39,9
3.39,9
3.39,9
3.39,9
3.39,9
3.39,9
3.39,9
3.39,9
3.39,9
3.39,9
3.39,9
3.39,9
3.39,9
3.39,9
3.39,9
3.39,9
3.39,9
3.39,9
3.39,9
3.39,9
3.39,9
3.39,9
3.39,9
3.39,9
3.39,9
3.39,9
3.39,9
3.39,9
3.39,9
3.39,9
3.39,9
3.39,9
3.39,9
3.39,9
3.39,9
3.39,9
3.39,9
3.39,9
3.39,9
3.39,9
3.39,9
3.39,9
3.39,9
3.39,9
3.39,9
3.39,9
3.39,9
3.39,9
3.39,9
3.39,9
3.39,9
3.39,9
3.39,9
3.39,9
3.39,9
3.39,9
3.39,9
3.39,9
3.39,9
3.39,9
3.39,9
3.39,9
3.39,9
3.39,9
3.39,9
3.39,9
3.39,9
3.39,9
3.39,9
3.39,9
3.39,9
3.39,9
3.39,9
3.39,9
3.39,9
3.39,9
3.39,9
3.39,9
3.39,9
3.39,9
3.39,9
3.39,9
3.39,9
3.39,9
3.39,9
3.29,9
3.29,9
3.29,9
3.29,9
3.29,9
3.29,9
3.29,9
3.29,9
3.29,9
3.29,9
3.29,9
3.29,9
3.29,9
3.29,9
3.19,9
3.19,9
3.19,9
3.19,9
3.19,9
3.19,9
3.19,9
3.19,9
3.19,9
3.19,9
3.19,9
3.19,9
3.19,9
3.19,9
3.19,9
3.19,9
3.19,9
3.19,9
3.19,9
3.19,9
3.19,9
3.19,9
3.19,9
3.19,9
3.09,9
3.09,9
3.09,9
3.09,9
3.09,9
3.09,9
3.09,9
3.09,9
3.09,9
3.09,9
3.09,9
3.09,9
3.09,9
3.09,9
3.09,9
3.09,9
3.09,9
3.09,9
3.09,9
3.09,9
3.09,9
3.09,9
3.09,9
3.09,9
3.09,9
3.09,9
3.09,9
3.09,9
3.09,9
3.09,9
3.09,9
3.09,9
3.09,9
3.09,9
3.09,9
3.09,9
3.09,9
3.09,9
3.09,9
3.09,9
3.09,9
3.09,9
3.09,9
3.09,9
3.09,9
3.09,9
3.09,9
3.09,9
3.09,9
3.09,9
3.09,9
3.09,9
3.09,9
3.09,9
3.09,9
3.09,9
3.09,9
3.09,9
3.09,9
3.09,9
3.09,9
3.09,9
3.09,9
3.04,4
3.04,4
3.04,4
3.04,4
3.04,4
3.04,4
3.04,4
3.04,4
3.04,4
3.04,4
3.04,4
3.04,4
3.04,4
3.04,4
3.04,4
3.04,4
3.04,4
3.04,4
3.04,4
3.04,4
3.04,4
3.04,4
3.04,4
3.04,4
3.04,4
3.04,4
3.04,4
3.04,4
3.04,4
3.04,4
3.04,4
3.04,4
3.04,4
3.04,4
3.04,4
3.04,4
3.04,4
3.04,4
3.04,4
3.04,4
3.04,4
3.04,4
3.04,4
3.04,4
3.04,4
3.04,4
3.04,4
3.04,4
3.04,4
3.04,4
3.04,4
3.04,4
3.04,4
3.04,4
3.04,4
3.04,4
3.04,4
3.04,4
3.04,4
3.04,4
3.04,4
3.04,4
3.04,4
3.04,4
3.04,4
3.04,4
3.04,4
3.04,4
3.04,4
3.04,4
3.04,4
2.99,9
2.99,9
2.99,9
2.99,9
2.99,9
2.99,9
2.99,9
2.99,9
2.99,9
2.99,9
2.99,9
2.99,9
2.99,9
2.99,9
2.99,9
2.99,9
2.99,9
2.99,9
2.99,9
2.99,9
2.99,9
2.99,9
2.99,9
2.99,9
2.99,9
2.99,9
2.99,9
2.99,9
2.99,9
2.99,9
2.99,9
2.99,9
2.99,9
2.99,9
2.99,9
2.99,9
2.99,9
2.99,9
2.99,9
2.99,9
2.99,9
2.99,9
2.99,9
2.99,9
2.99,9
2.99,9
2.99,9
2.99,9
2.99,9
2.99,9
2.99,9
2.99,9
2.99,9
2.99,9
2.99,9
2.99,9
2.99,9
2.99,9
2.99,9
2.99,9
2.99,9
2.99,9
2.99,9
2.99,9
2.99,9
2.94,4
2.94,4
2.94,4
2.94,4
2.94,4
2.94,4
2.94,4
2.94,4
2.94,4
2.94,4
2.94,4
2.94,4
2.94,4
2.94,4
2.94,4
2.94,4
2.94,4
2.89,9
2.89,9
2.89,9
2.89,9
2.89,9
2.89,9
2.89,9
2.89,9
2.89,9
2.89,9
2.89,9
2.89,9
2.89,9
2.89,9
2.89,9
2.89,9
2.89,9
2.89,9
2.89,9
2.89,9
2.79,9
2.79,9
2.79,9
2.79,9
2.79,9
2.79,9
2.79,9
2.79,9
2.79,9
2.79,9
2.79,9
2.79,9
2.79,9
2.79,9
2.79,9
2.79,9
2.79,9
2.79,9
2.79,9
2.79,9
2.79,9
2.74,4
2.74,4
2.74,4
2.74,4
2.74,4
2.74,4
2.74,4
2.74,4
2.74,4
2.74,4
2.74,4
2.74,4
2.74,4
2.74,4
2.74,4
2.74,4
2.69,9
2.69,9
2.69,9
2.69,9
2.69,9
2.69,9
2.69,9
2.69,9
2.69,9
2.69,9
2.69,9
2.69,9
2.69,9
2.69,9
2.69,9
2.69,9
2.69,9
2.69,9
2.69,9
2.69,9
2.69,9
2.69,9
2.69,9
2.69,9
2.69,9
2.69,9
2.69,9
2.69,9
2.69,9
2.69,9
2.69,9
2.69,9
2.69,9
2.69,9
2.69,9
2.69,9
2.69,9
2.69,9
2.69,9
2.69,9
2.69,9
2.69,9
2.64,4
2.64,4
2.64,4
2.64,4
2.64,4
2.64,4
2.64,4
2.64,4
2.64,4
2.64,4
2.64,4
2.64,4
2.64,4
2.64,4
2.64,4
2.64,4
2.64,4
2.64,4
2.64,4
2.64,4
2.64,4
2.64,4
2.64,4
2.64,4
2.64,4
2.64,4
2.64,4
2.64,4
2.64,4
2.64,4
2.64,4
2.64,4
2.64,4
2.64,4
2.64,4
2.64,4
2.64,4
2.64,4
2.64,4
2.64,4
2.64,4
2.64,4
2.59,9
2.59,9
2.59,9
2.59,9
2.59,9
2.59,9
2.59,9
2.59,9
2.59,9
2.59,9
2.59,9
2.59,9
2.59,9
2.59,9
2.59,9
2.59,9
2.59,9
2.59,9
2.59,9
2.59,9
2.59,9
2.59,9
2.59,9
2.59,9
2.59,9
2.59,9
2.59,9
2.59,9
2.59,9
2.59,9
2.59,9
2.59,9
2.59,9
2.59,9
2.59,9
2.59,9
2.59,9
2.59,9
2.59,9
2.59,9
2.59,9
2.59,9
2.59,9
2.59,9
2.59,9
2.59,9
2.59,9
2.59,9
2.59,9
2.59,9
2.59,9
2.59,9
2.59,9
2.59,9
2.59,9
2.59,9
2.59,9
2.59,9
2.59,9
2.59,9
2.59,9
2.59,9
2.59,9
2.59,9
2.59,9
2.59,9
2.59,9
2.59,9
2.59,9
2.59,9
2.59,9
2.59,9
2.59,9
2.59,9
2.59,9
2.59,9
2.55,5
2.54,4
2.54,4
2.54,4
2.54,4
2.54,4
2.54,4
2.54,4
2.54,4
2.54,4
2.54,4
2.49,9
2.49,9
2.49,9
2.49,9
2.49,9
2.49,9
2.49,9
2.49,9
2.49,9
2.49,9
2.49,9
2.49,9
2.49,9
2.49,9
2.49,9
2.49,9
2.49,9
2.49,9
2.49,9
2.49,9
2.49,9
2.49,9
2.49,9
2.49,9
2.49,9
2.49,9
2.49,9
2.49,9
2.49,9
2.49,9
2.49,9
2.49,9
2.49,9
2.49,9
2.49,9
2.49,9
2.49,9
2.49,9
2.49,9
2.49,9
2.49,9
2.49,9
2.49,9
2.49,9
2.49,9
2.49,9
2.49,9
2.49,9
2.49,9
2.49,9
2.49,9
2.49,9
2.49,9
2.49,9
2.49,9
2.49,9
2.49,9
2.49,9
2.49,9
2.49,9
2.49,9
2.49,9
2.44,4
2.39,9
2.39,9
2.39,9
2.39,9
2.39,9
2.39,9
2.39,9
2.39,9
2.39,9
2.39,9
2.39,9
2.39,9
2.39,9
2.39,9
2.39,9
2.39,9
2.39,9
2.39,9
2.39,9
2.39,9
2.39,9
2.39,9
2.39,9
2.39,9
2.39,9
2.39,9
2.39,9
2.39,9
2.39,9
2.39,9
2.39,9
2.39,9
2.39,9
2.39,9
2.39,9
2.39,9
2.39,9
2.39,9
2.39,9
2.39,9
2.39,9
2.39,9
2.39,9
2.39,9
2.39,9
2.39,9
2.39,9
2.39,9
2.39,9
2.39,9
2.39,9
2.39,9
2.39,9
2.39,9
2.39,9
2.39,9
2.39,9
2.39,9
2.39,9
2.39,9
2.39,9
2.39,9
2.39,9
2.39,9
2.39,9
2.39,9
2.39,9
2.39,9
2.36,6
2.32,2
2.29,9
2.29,9
2.29,9
2.29,9
2.29,9
2.29,9
2.29,9
2.29,9
2.29,9
2.29,9
2.29,9
2.29,9
2.29,9
2.29,9
2.29,9
2.29,9
2.29,9
2.29,9
2.29,9
2.29,9
2.29,9
2.29,9
2.29,9
2.29,9
2.29,9
2.29,9
2.29,9
2.29,9
2.29,9
2.29,9
2.29,9
2.29,9
2.29,9
2.29,9
2.29,9
2.29,9
2.29,9
2.29,9
2.29,9
2.29,9
2.29,9
2.29,9
2.29,9
2.29,9
2.29,9
2.29,9
2.29,9
2.29,9
2.29,9
2.29,9
2.29,9
2.29,9
2.29,9
2.29,9
2.29,9
2.29,9
2.29,9
2.29,9
2.29,9
2.29,9
2.29,9
2.29,9
2.29,9
2.29,9
2.29,9
2.29,9
2.29,9
2.29,9
2.29,9
2.29,9
2.29,9
2.29,9
2.29,9
2.29,9
2.29,9
2.29,9
2.29,9
2.29,9
2.25,5
2.19,9
2.19,9
2.19,9
2.19,9
2.19,9
2.19,9
2.19,9
2.19,9
2.19,9
2.19,9
2.19,9
2.19,9
2.19,9
2.19,9
2.19,9
2.19,9
2.19,9
2.19,9
2.19,9
2.19,9
2.19,9
2.19,9
2.19,9
2.19,9
2.19,9
2.19,9
2.19,9
2.19,9
2.19,9
2.19,9
2.19,9
2.19,9
2.19,9
2.19,9
2.19,9
2.19,9
2.19,9
2.19,9
2.19,9
2.19,9
2.19,9
2.19,9
2.19,9
2.19,9
2.19,9
2.19,9
2.19,9
2.09,9
2.09,9
2.09,9
2.09,9
2.09,9
2.09,9
2.09,9
2.09,9
2.09,9
2.09,9
2.09,9
2.09,9
2.09,9
2.09,9
2.09,9
2.09,9
2.09,9
2.09,9
2.09,9
2.09,9
2.09,9
2.09,9
2.09,9
2.09,9
2.09,9
2.09,9
2.09,9
2.09,9
2.09,9
2.09,9
2.09,9
2.09,9
2.09,9
2.09,9
2.09,9
2.09,9
2.09,9
2.09,9
2.09,9
2.09,9
2.09,9
2.09,9
2.09,9
2.09,9
2.09,9
2.09,9
2.09,9
2.09,9
2.09,9
2.09,9
2.09,9
2.05,5
2.05,5
2.05,5
2.05,5
2.05,5
2.05,5
2.05,5
2.05,5
2.05,5
2.05,5
2.05,5
2.05,5
1.99,9
1.99,9
1.99,9
1.99,9
1.99,9
1.99,9
1.99,9
1.99,9
1.99,9
1.99,9
1.99,9
1.99,9
1.99,9
1.99,9
1.99,9
1.99,9
1.99,9
1.99,9
1.99,9
1.99,9
1.99,9
1.99,9
1.99,9
1.99,9
1.99,9
1.99,9
1.99,9
1.99,9
1.99,9
1.99,9
1.99,9
1.99,9
1.99,9
1.99,9
1.99,9
1.99,9
1.99,9
1.99,9
1.99,9
1.99,9
1.99,9
1.99,9
1.99,9
1.99,9
1.99,9
1.99,9
1.99,9
1.99,9
1.99,9
1.99,9
1.99,9
1.99,9
1.99,9
1.99,9
1.99,9
1.99,9
1.99,9
1.99,9
1.99,9
1.99,9
1.99,9
1.99,9
1.99,9
1.99,9
1.99,9
1.99,9
1.99,9
1.99,9
1.99,9
1.99,9
1.99,9
1.99,9
1.99,9
1.99,9
1.99,9
1.99,9
1.99,9
1.99,9
1.99,9
1.99,9
1.99,9
1.99,9
1.99,9
1.99,9
1.99,9
1.99,9
1.99,9
1.99,9
1.99,9
1.99,9
1.99,9
1.99,9
1.99,9
1.99,9
1.99,9
1.99,9
1.99,9
1.99,9
1.99,9
1.99,9
1.99,9
1.99,9
1.99,9
1.99,9
1.99,9
1.99,9
1.99,9
1.99,9
1.99,9
1.99,9
1.99,9
1.99,9
1.99,9
1.99,9
1.99,9
1.99,9
1.99,9
1.99,9
1.99,9
1.99,9
1.99,9
1.99,9
1.99,9
1.99,9
1.99,9
1.99,9
1.99,9
1.99,9
1.99,9
1.99,9
1.99,9
1.99,9
1.99,9
1.99,9
1.99,9
1.99,9
1.99,9
1.99,9
1.99,9
1.99,9
1.99,9
1.99,9
1.99,9
1.99,9
1.99,9
1.99,9
1.99,9
1.95,5
1.89,9
1.89,9
1.89,9
1.89,9
1.89,9
1.89,9
1.89,9
1.89,9
1.89,9
1.89,9
1.89,9
1.89,9
1.89,9
1.89,9
1.89,9
1.89,9
1.89,9
1.89,9
1.89,9
1.89,9
1.89,9
1.89,9
1.89,9
1.89,9
1.89,9
1.89,9
1.89,9
1.89,9
1.89,9
1.89,9
1.89,9
1.89,9
1.89,9
1.89,9
1.89,9
1.89,9
1.89,9
1.89,9
1.89,9
1.89,9
1.89,9
1.89,9
1.89,9
1.89,9
1.89,9
1.89,9
1.89,9
1.89,9
1.89,9
1.89,9
1.89,9
1.89,9
1.79,9
1.79,9
1.79,9
1.79,9
1.79,9
1.79,9
1.79,9
1.79,9
1.79,9
1.79,9
1.79,9
1.79,9
1.79,9
1.79,9
1.79,9
1.79,9
1.79,9
1.79,9
1.79,9
1.79,9
1.79,9
1.79,9
1.79,9
1.79,9
1.79,9
1.79,9
1.79,9
1.79,9
1.79,9
1.79,9
1.79,9
1.79,9
1.79,9
1.79,9
1.79,9
1.79,9
1.79,9
1.79,9
1.79,9
1.79,9
1.79,9
1.79,9
1.79,9
1.79,9
1.79,9
1.79,9
1.79,9
1.79,9
1.79,9
1.79,9
1.79,9
1.79,9
1.79,9
1.79,9
1.79,9
1.79,9
1.79,9
1.79,9
1.79,9
1.79,9
1.79,9
1.79,9
1.79,9
1.79,9
1.79,9
1.79,9
1.79,9
1.79,9
1.79,9
1.79,9
1.79,9
1.79,9
1.79,9
1.79,9
1.79,9
1.79,9
1.79,9
1.79,9
1.79,9
1.79,9
1.79,9
1.79,9
1.79,9
1.79,9
1.79,9
1.79,9
1.79,9
1.79,9
1.79,9
1.79,9
1.79,9
1.79,9
1.79,9
1.79,9
1.79,9
1.69,9
1.69,9
1.69,9
1.69,9
1.69,9
1.69,9
1.69,9
1.69,9
1.69,9
1.69,9
1.69,9
1.69,9
1.69,9
1.69,9
1.69,9
1.69,9
1.69,9
1.69,9
1.69,9
1.69,9
1.69,9
1.69,9
1.69,9
1.69,9
1.69,9
1.69,9
1.69,9
1.69,9
1.69,9
1.69,9
1.69,9
1.69,9
1.69,9
1.69,9
1.69,9
1.69,9
1.69,9
1.69,9
1.69,9
1.69,9
1.69,9
1.69,9
1.64,4
1.59,9
1.59,9
1.59,9
1.59,9
1.59,9
1.59,9
1.59,9
1.59,9
1.59,9
1.59,9
1.59,9
1.59,9
1.59,9
1.59,9
1.59,9
1.59,9
1.59,9
1.59,9
1.59,9
1.59,9
1.59,9
1.59,9
1.59,9
1.59,9
1.59,9
1.59,9
1.59,9
1.59,9
1.59,9
1.59,9
1.59,9
1.59,9
1.59,9
1.59,9
1.59,9
1.59,9
1.59,9
1.59,9
1.59,9
1.59,9
1.59,9
1.59,9
1.59,9
1.59,9
1.59,9
1.59,9
1.59,9
1.59,9
1.59,9
1.59,9
1.59,9
1.59,9
1.59,9
1.59,9
1.59,9
1.59,9
1.59,9
1.59,9
1.59,9
1.59,9
1.59,9
1.59,9
1.59,9
1.59,9
1.59,9
1.59,9
1.59,9
1.59,9
1.59,9
1.59,9
1.59,9
1.59,9
1.59,9
1.59,9
1.59,9
1.59,9
1.59,9
1.59,9
1.59,9
1.59,9
1.59,9
1.59,9
1.57,7
1.49,9
1.49,9
1.49,9
1.49,9
1.49,9
1.49,9
1.49,9
1.49,9
1.49,9
1.49,9
1.49,9
1.49,9
1.49,9
1.49,9
1.49,9
1.49,9
1.49,9
1.49,9
1.49,9
1.49,9
1.49,9
1.49,9
1.49,9
1.49,9
1.49,9
1.49,9
1.49,9
1.49,9
1.49,9
1.49,9
1.49,9
1.49,9
1.49,9
1.49,9
1.49,9
1.49,9
1.49,9
1.49,9
1.49,9
1.49,9
1.49,9
1.49,9
1.49,9
1.49,9
1.49,9
1.49,9
1.49,9
1.49,9
1.49,9
1.49,9
1.49,9
1.49,9
1.49,9
1.49,9
1.49,9
1.49,9
1.49,9
1.49,9
1.49,9
1.49,9
1.49,9
1.49,9
1.49,9
1.49,9
1.49,9
1.49,9
1.49,9
1.49,9
1.49,9
1.49,9
1.49,9
1.49,9
1.49,9
1.49,9
1.49,9
1.49,9
1.49,9
1.49,9
1.49,9
1.49,9
1.49,9
1.49,9
1.42,2
1.42,2
1.42,2
1.39,9
1.39,9
1.39,9
1.39,9
1.39,9
1.39,9
1.39,9
1.39,9
1.39,9
1.39,9
1.39,9
1.39,9
1.39,9
1.39,9
1.39,9
1.39,9
1.39,9
1.39,9
1.39,9
1.39,9
1.39,9
1.39,9
1.39,9
1.39,9
1.39,9
1.39,9
1.39,9
1.39,9
1.39,9
1.39,9
1.39,9
1.39,9
1.39,9
1.39,9
1.39,9
1.39,9
1.39,9
1.39,9
1.39,9
1.39,9
1.39,9
1.39,9
1.39,9
1.39,9
1.39,9
1.39,9
1.39,9
1.39,9
1.39,9
1.39,9
1.39,9
1.39,9
1.39,9
1.39,9
1.39,9
1.39,9
1.39,9
1.39,9
1.39,9
1.39,9
1.39,9
1.39,9
1.39,9
1.39,9
1.39,9
1.39,9
1.39,9
1.39,9
1.39,9
1.39,9
1.39,9
1.39,9
1.39,9
1.39,9
1.39,9
1.39,9
1.39,9
1.39,9
1.39,9
1.39,9
1.39,9
1.39,9
1.39,9
1.39,9
1.39,9
1.39,9
1.39,9
1.39,9
1.39,9
1.39,9
1.39,9
1.39,9
1.39,9
1.39,9
1.39,9
1.39,9
1.39,9
1.39,9
1.39,9
1.39,9
1.39,9
1.39,9
1.39,9
1.39,9
1.39,9
1.39,9
1.39,9
1.39,9
1.39,9
1.37,7
1.37,7
1.35,5
1.33,3
1.33,3
1.31,1
1.31,1
1.29,9
1.29,9
1.29,9
1.29,9
1.29,9
1.29,9
1.29,9
1.29,9
1.29,9
1.29,9
1.29,9
1.29,9
1.29,9
1.29,9
1.29,9
1.29,9
1.29,9
1.29,9
1.29,9
1.29,9
1.29,9
1.29,9
1.29,9
1.29,9
1.29,9
1.29,9
1.29,9
1.29,9
1.29,9
1.29,9
1.29,9
1.29,9
1.29,9
1.29,9
1.29,9
1.29,9
1.29,9
1.29,9
1.29,9
1.29,9
1.29,9
1.29,9
1.29,9
1.29,9
1.29,9
1.29,9
1.29,9
1.29,9
1.29,9
1.29,9
1.29,9
1.29,9
1.29,9
1.29,9
1.29,9
1.29,9
1.29,9
1.29,9
1.29,9
1.29,9
1.29,9
1.29,9
1.29,9
1.29,9
1.29,9
1.29,9
1.29,9
1.29,9
1.19,9
1.19,9
1.19,9
1.19,9
1.19,9
1.19,9
1.19,9
1.19,9
1.19,9
1.19,9
1.19,9
1.19,9
1.19,9
1.19,9
1.19,9
1.19,9
1.19,9
1.19,9
1.19,9
1.19,9
1.19,9
1.19,9
1.19,9
1.19,9
1.19,9
1.19,9
1.19,9
1.19,9
1.19,9
1.19,9
1.19,9
1.19,9
1.19,9
1.19,9
1.19,9
1.19,9
1.19,9
1.19,9
1.19,9
1.19,9
1.19,9
1.19,9
1.19,9
1.19,9
1.19,9
1.19,9
1.19,9
1.19,9
1.19,9
1.19,9
1.19,9
1.19,9
1.19,9
1.19,9
1.19,9
1.19,9
1.19,9
1.19,9
1.19,9
1.19,9
1.19,9
1.19,9
1.19,9
1.19,9
1.19,9
1.19,9
1.19,9
1.19,9
1.19,9
1.19,9
1.19,9
1.19,9
1.19,9
1.19,9
1.19,9
1.19,9
1.19,9
1.19,9
1.19,9
1.19,9
1.19,9
1.19,9
1.19,9
1.19,9
1.19,9
1.19,9
1.19,9
1.19,9
1.19,9
1.19,9
1.19,9
1.19,9
1.19,9
1.19,9
1.19,9
1.19,9
1.19,9
1.19,9
1.19,9
1.19,9
1.19,9
1.19,9
1.19,9
1.19,9
1.19,9
1.19,9
1.19,9
1.19,9
1.19,9
1.19,9
1.09,9
1.09,9
1.09,9
1.09,9
1.09,9
1.09,9
1.09,9
1.09,9
1.09,9
1.09,9
1.09,9
1.09,9
1.09,9
1.09,9
1.09,9
1.09,9
1.09,9
1.09,9
1.09,9
1.09,9
1.09,9
1.09,9
1.09,9
1.09,9
1.09,9
1.09,9
1.09,9
1.09,9
1.09,9
1.09,9
1.09,9
1.09,9
1.09,9
1.09,9
1.09,9
1.09,9
1.09,9
1.09,9
1.09,9
1.09,9
1.09,9
1.09,9
1.09,9
1.09,9
1.09,9
1.09,9
1.09,9
1.09,9
1.09,9
1.09,9
1.09,9
1.09,9
1.09,9
1.09,9
1.09,9
1.09,9
1.09,9
1.09,9
1.09,9
1.09,9
1.09,9
1.09,9
1.09,9
1.09,9
1.09,9
1.09,9
1.09,9
1.09,9
1.09,9
1.09,9
1.09,9
1.09,9
1.09,9
1.09,9
1.09,9
1.09,9
1.09,9
1.09,9
1.09,9
1.09,9
1.09,9
1.09,9
1.09,9
1.09,9
1.09,9
1.09,9
1.09,9
1.09,9
1.09,9
1.09,9
1.09,9
1.09,9
1.09,9
1.09,9
1.09,9
1.09,9
1.09,9
1.09,9
1.09,9
1.09,9
1.09,9
1.09,9
1.09,9
1.09,9
1.09,9
1.09,9
1.09,9
1.09,9
1.09,9
1.09,9
1.09,9
1.09,9
1.09,9
1.09,9
1.09,9
1.09,9
1.09,9
1.09,9
1.09,9
1.09,9
1.09,9
1.09,9
1.09,9
1.09,9
1.09,9
1.09,9
1.09,9
1.09,9
1.09,9
1.09,9
1.09,9
1.09,9
1.09,9
1.09,9
1.09,9
1.09,9
1.09,9
1.09,9
1.09,9
1.09,9
1.09,9
1.09,9
1.09,9
1.09,9
1.09,9
1.09,9
1.09,9
1.09,9
1.09,9
1.09,9
1.09,9
1,0
1,0
0.99,9
0.99,9
0.99,9
0.99,9
0.99,9
0.99,9
0.99,9
0.99,9
0.99,9
0.99,9
0.99,9
0.99,9
0.99,9
0.99,9
0.99,9
0.99,9
0.99,9
0.99,9
0.99,9
0.99,9
0.99,9
0.99,9
0.99,9
0.99,9
0.99,9
0.99,9
0.99,9
0.99,9
0.99,9
0.99,9
0.99,9
0.99,9
0.99,9
0.99,9
0.99,9
0.99,9
0.99,9
0.99,9
0.99,9
0.99,9
0.99,9
0.99,9
0.99,9
0.99,9
0.99,9
0.99,9
0.99,9
0.99,9
0.99,9
0.99,9
0.99,9
0.99,9
0.99,9
0.99,9
0.99,9
0.99,9
0.99,9
0.99,9
0.99,9
0.99,9
0.99,9
0.99,9
0.99,9
0.99,9
0.99,9
0.99,9
0.99,9
0.99,9
0.99,9
0.99,9
0.99,9
0.99,9
0.99,9
0.99,9
0.99,9
0.99,9
0.99,9
0.99,9
0.99,9
0.99,9
0.99,9
0.99,9
0.99,9
0.99,9
0.99,9
0.99,9
0.99,9
0.99,9
0.99,9
0.99,9
0.99,9
0.99,9
0.99,9
0.99,9
0.99,9
0.99,9
0.99,9
0.99,9
0.99,9
0.99,9
0.99,9
0.99,9
0.99,9
0.99,9
0.99,9
0.99,9
0.99,9
0.99,9
0.99,9
0.99,9
0.99,9
0.99,9
0.99,9
0.99,9
0.99,9
0.99,9
0.99,9
0.99,9
0.99,9
0.99,9
0.99,9
0.99,9
0.99,9
0.99,9
0.99,9
0.99,9
0.99,9
0.99,9
0.99,9
0.99,9
0.99,9
0.99,9
0.99,9
0.99,9
0.99,9
0.99,9
0.99,9
0.99,9
0.99,9
0.99,9
0.99,9
0.99,9
0.99,9
0.99,9
0.99,9
0.99,9
0.99,9
0.99,9
0.99,9
0.99,9
0.99,9
0.99,9
0.99,9
0.99,9
0.99,9
0.99,9
0.99,9
0.99,9
0.99,9
0.99,9
0.99,9
0.99,9
0.99,9
0.99,9
0.99,9
0.99,9
0.99,9
0.99,9
0.99,9
0.99,9
0.99,9
0.99,9
0.99,9
0.99,9
0.99,9
0.99,9
0.99,9
0.99,9
0.99,9
0.99,9
0.99,9
0.99,9
0.99,9
0.99,9
0.99,9
0.99,9
0.99,9
0.99,9
0.99,9
0.99,9
0.99,9
0.99,9
0.99,9
0.99,9
0.99,9
0.99,9
0.99,9
0.99,9
0.99,9
0.99,9
0.99,9
0.99,9
0.99,9
0.99,9
0.99,9
0.99,9
0.99,9
0.99,9
0.99,9
0.99,9
0.99,9
0.99,9
0.99,9
0.99,9
0.99,9
0.99,9
0.99,9
0.99,9
0.99,9
0.99,9
0.99,9
0.99,9
0.99,9
0.99,9
0.99,9
0.99,9
0.99,9
0.99,9
0.99,9
0.99,9
0.99,9
0.99,9
0.99,9
0.99,9
0.99,9
0.99,9
0.99,9
0.99,9
0.99,9
0.99,9
0.99,9
0.99,9
0.99,9
0.99,9
0.99,9
0.99,9
0.99,9
0.99,9
0.99,9
0.99,9
0.99,9
0.99,9
0.99,9
0.99,9
0.99,9
0.99,9
0.99,9
0.99,9
0.99,9
0.99,9
0.99,9
0.99,9
0.99,9
0.99,9
0.99,9
0.99,9
0.99,9
0.99,9
0.99,9
0.99,9
0.99,9
0.99,9
0.99,9
0.99,9
0.99,9
0.99,9
0.99,9
0.99,9
0.99,9
0.99,9
0.99,9
0.99,9
0.99,9
0.99,9
0.99,9
0.99,9
0.99,9
0.99,9
0.99,9
0.99,9
0.99,9
0.99,9
0.99,9
0.99,9
0.99,9
0.99,9
0.99,9
0.99,9
0.99,9
0.99,9
0.99,9
0.99,9
0.99,9
0.99,9
0.99,9
0.99,9
0.99,9
0.99,9
0.99,9
0.99,9
0.99,9
0.99,9
0.99,9
0.99,9
0.99,9
0.99,9
0.99,9
0.99,9
0.99,9
0.99,9
0.99,9
0.99,9
0.99,9
0.99,9
0.94,4
0.93,3
0.89,9
0.89,9
0.89,9
0.89,9
0.89,9
0.89,9
0.89,9
0.89,9
0.89,9
0.89,9
0.89,9
0.89,9
0.89,9
0.89,9
0.89,9
0.89,9
0.89,9
0.89,9
0.89,9
0.89,9
0.89,9
0.89,9
0.89,9
0.89,9
0.89,9
0.89,9
0.89,9
0.89,9
0.89,9
0.89,9
0.89,9
0.89,9
0.89,9
0.89,9
0.89,9
0.89,9
0.89,9
0.89,9
0.89,9
0.89,9
0.89,9
0.89,9
0.89,9
0.89,9
0.89,9
0.89,9
0.89,9
0.89,9
0.89,9
0.89,9
0.89,9
0.89,9
0.89,9
0.89,9
0.89,9
0.89,9
0.89,9
0.89,9
0.89,9
0.89,9
0.89,9
0.89,9
0.89,9
0.89,9
0.89,9
0.89,9
0.89,9
0.89,9
0.89,9
0.89,9
0.79,9
0.79,9
0.79,9
0.79,9
0.79,9
0.79,9
0.79,9
0.79,9
0.79,9
0.79,9
0.79,9
0.79,9
0.79,9
0.79,9
0.79,9
0.79,9
0.79,9
0.79,9
0.79,9
0.79,9
0.79,9
0.79,9
0.79,9
0.79,9
0.79,9
0.79,9
0.79,9
0.79,9
0.79,9
0.79,9
0.79,9
0.79,9
0.79,9
0.79,9
0.79,9
0.79,9
0.79,9
0.79,9
0.79,9
0.79,9
0.79,9
0.79,9
0.79,9
0.79,9
0.79,9
0.79,9
0.79,9
0.79,9
0.79,9
0.79,9
0.79,9
0.79,9
0.79,9
0.79,9
0.79,9
0.79,9
0.79,9
0.79,9
0.79,9
0.79,9
0.79,9
0.79,9
0.79,9
0.79,9
0.79,9
0.79,9
0.79,9
0.79,9
0.79,9
0.79,9
0.79,9
0.79,9
0.79,9
0.79,9
0.79,9
0.79,9
0.79,9
0.79,9
0.79,9
0.79,9
0.79,9
0.79,9
0.79,9
0.79,9
0.79,9
0.79,9
0.79,9
0.79,9
0.79,9
0.79,9
0.79,9
0.79,9
0.79,9
0.79,9
0.79,9
0.79,9
0.79,9
0.79,9
0.79,9
0.79,9
0.79,9
0.79,9
0.79,9
0.79,9
0.79,9
0.79,9
0.79,9
0.79,9
0.75,5
0.75,5
0.75,5
0.75,5
0.69,9
0.69,9
0.69,9
0.69,9
0.69,9
0.69,9
0.69,9
0.69,9
0.69,9
0.69,9
0.69,9
0.69,9
0.69,9
0.69,9
0.69,9
0.69,9
0.69,9
0.69,9
0.69,9
0.69,9
0.69,9
0.69,9
0.69,9
0.69,9
0.69,9
0.69,9
0.69,9
0.69,9
0.69,9
0.69,9
0.69,9
0.69,9
0.69,9
0.69,9
0.69,9
0.69,9
0.69,9
0.69,9
0.69,9
0.69,9
0.69,9
0.69,9
0.69,9
0.69,9
0.69,9
0.69,9
0.69,9
0.69,9
0.69,9
0.69,9
0.69,9
0.69,9
0.69,9
0.69,9
0.69,9
0.69,9
0.69,9
0.69,9
0.69,9
0.69,9
0.69,9
0.69,9
0.69,9
0.69,9
0.69,9
0.69,9
0.69,9
0.69,9
0.69,9
0.69,9
0.69,9
0.69,9
0.69,9
0.69,9
0.69,9
0.69,9
0.69,9
0.69,9
0.69,9
0.69,9
0.69,9
0.69,9
0.69,9
0.69,9
0.69,9
0.69,9
0.69,9
0.69,9
0.69,9
0.69,9
0.69,9
0.69,9
0.69,9
0.69,9
0.69,9
0.69,9
0.69,9
0.69,9
0.69,9
0.69,9
0.69,9
0.69,9
0.69,9
0.69,9
0.69,9
0.69,9
0.69,9
0.69,9
0.69,9
0.69,9
0.69,9
0.69,9
0.69,9
0.69,9
0.69,9
0.69,9
0.69,9
0.69,9
0.69,9
0.69,9
0.69,9
0.69,9
0.69,9
0.69,9
0.69,9
0.69,9
0.69,9
0.69,9
0.69,9
0.69,9
0.69,9
0.69,9
0.69,9
0.69,9
0.69,9
0.69,9
0.69,9
0.69,9
0.69,9
0.69,9
0.69,9
0.69,9
0.69,9
0.69,9
0.69,9
0.69,9
0.69,9
0.69,9
0.69,9
0.69,9
0.69,9
0.69,9
0.69,9
0.69,9
0.69,9
0.69,9
0.69,9
0.69,9
0.69,9
0.69,9
0.69,9
0.69,9
0.69,9
0.69,9
0.69,9
0.69,9
0.69,9
0.69,9
0.69,9
0.69,9
0.69,9
0.69,9
0.69,9
0.69,9
0.69,9
0.69,9
0.69,9
0.69,9
0.69,9
0.69,9
0.69,9
0.69,9
0.69,9
0.69,9
0.69,9
0.69,9
0.69,9
0.69,9
0.69,9
0.69,9
0.69,9
0.69,9
0.69,9
0.69,9
0.69,9
0.69,9
0.69,9
0.69,9
0.69,9
0.69,9
0.69,9
0.69,9
0.69,9
0.69,9
0.69,9
0.69,9
0.69,9
0.69,9
0.69,9
0.69,9
0.69,9
0.69,9
0.69,9
0.69,9
0.69,9
0.69,9
0.69,9
0.69,9
0.69,9
0.69,9
0.69,9
0.69,9
0.69,9
0.69,9
0.69,9
0.69,9
0.69,9
0.69,9
0.69,9
0.69,9
0.69,9
0.69,9
0.69,9
0.69,9
0.69,9
0.69,9
0.69,9
0.69,9
0.69,9
0.69,9
0.69,9
0.69,9
0.69,9
0.69,9
0.69,9
0.69,9
0.69,9
0.69,9
0.69,9
0.69,9
0.69,9
0.69,9
0.69,9
0.69,9
0.69,9
0.69,9
0.69,9
0.69,9
0.69,9
0.69,9
0.69,9
0.69,9
0.69,9
0.69,9
0.69,9
0.69,9
0.69,9
0.69,9
0.69,9
0.69,9
0.69,9
0.69,9
0.69,9
0.69,9
0.69,9
0.69,9
0.69,9
0.69,9
0.69,9
0.69,9
0.69,9
0.69,9
0.69,9
0.69,9
0.69,9
0.69,9
0.69,9
0.69,9
0.69,9
0.69,9
0.69,9
0.69,9
0.62,9
0.59,9
0.59,9
0.59,9
0.59,9
0.59,9
0.59,9
0.59,9
0.59,9
0.59,9
0.59,9
0.59,9
0.59,9
0.59,9
0.59,9
0.59,9
0.59,9
0.59,9
0.59,9
0.59,9
0.59,9
0.59,9
0.59,9
0.59,9
0.59,9
0.59,9
0.59,9
0.59,9
0.59,9
0.59,9
0.59,9
0.59,9
0.59,9
0.59,9
0.59,9
0.59,9
0.59,9
0.59,9
0.59,9
0.59,9
0.59,9
0.59,9
0.59,9
0.5,5
0.5,5
0.5,5
0.5,5
0.5,5
0.5,5
0.5,5
0.5,5
0.5,5
0.5,5
0.5,5
0.5,5
0.5,5
0.5,5
0.5,5
0.5,5
0.5,5
0.5,5
0.5,5
0.5,5
0.5,5
0.5,5
0.5,5
0.5,5
0.5,5
0.5,5
0.5,5
0.5,5
0.5,5
0.5,5
0.5,5
0.5,5
0.5,5
0.5,5
0.5,5
0.5,5
0.5,5
0.5,5
0.5,5
0.5,5
0.5,5
0.5,5
0.5,5
0.5,5
0.5,5
0.49,9
0.49,9
0.49,9
0.49,9
0.49,9
0.49,9
0.49,9
0.49,9
0.49,9
0.49,9
0.49,9
0.49,9
0.49,9
0.49,9
0.49,9
0.49,9
0.49,9
0.49,9
0.49,9
0.49,9
0.49,9
0.4,4
0.4,4
0.4,4
0.4,4
0.4,4
0.4,4
0.39,9
0.39,9
0.39,9
0.39,9
0.39,9
0.39,9
0.39,9
0.39,9
0.39,9
0.39,9
0.39,9
0.35,5
0.35,5
0.35,5
0.35,5
0.33,3
0.33,3
0.33,3
0.33,3
0.33,3
0.33,3
0.33,3
0.33,3
0.33,3
0.33,3
0.33,3
0.33,3
0.33,3
0.33,3
0.33,3
0.33,3
0.3,0
0.29,9
0.29,9
0.29,9
0.29,9
0.29,9
0.29,9
0.29,9
0.29,9
0.29,9
0.29,9
0.29,9
0.29,9
0.29,9
0.25,5
0.25,5
0.25,5
0.25,5
0.25,5
0.25,5
0.25,5
0.25,5
0.25,5
0.25,5
0.25,5
0.25,5
0.25,5
0.25,5
0.25,5
0.25,5
0.15,5
0.15,5
0.15,5
0.15,5
0.15,5
0.15,5
0.15,5
0.15,5
0.15,5
0.15,5
0.15,5
0.15,5
0.15,5
0.15,5
0.12,2
0.12,2
0.1,0
0.1,0
0.1,0
0.1,0
0.1,0
0.05,5
0.05,5
0.05,5
0.05,5
0.05,5
0.05,5
0.05,5
0.05,5
0.05,5
0.01,5
0.01,5
0.01,5
0.01,5
0.01,5
0.01,5
0.01,5
0.01,5
0.01,5
0.01,5
0.01,5
0.01,5
0.01,5
0.01,5
0.01,5
0.01,5
0.01,5
0.01,5
0.01,5
0.01,5
0.01,5
0.01,5
0.01,5
0.01,5
NA,NA
NA,NA
NA,NA
NA,NA
NA,NA
NA,NA
NA,NA
NA,NA
NA,NA
NA,NA
NA,NA
NA,NA
NA,NA
NA,NA
